First Name,Last Name,Employee Id,Username,Password
Test01,User01,EID1000,testuser01,Pass@1000
Test02,User02,EID1001,testuser02,Pass@1001
Test03,User03,EID1002,testuser03,Pass@1002
Test04,User04,EID1003,testuser04,Pass@1003
Test05,User05,EID1004,testuser05,Pass@1004
Test06,User06,EID1005,testuser06,Pass@1005
Test07,User07,EID1006,testuser07,Pass@1006
Test08,User08,EID1007,testuser08,Pass@1007
Test09,User09,EID1008,testuser09,Pass@1008
Test10,User10,EID1009,testuser10,Pass@1009
Test11,User11,EID1010,testuser11,Pass@1010
Test12,User12,EID1011,testuser12,Pass@1011
Test13,User13,EID1012,testuser13,Pass@1012
Test14,User14,EID1013,testuser14,Pass@1013
Test15,User15,EID1014,testuser15,Pass@1014
Test16,User16,EID1015,testuser16,Pass@1015
Test17,User17,EID1016,testuser17,Pass@1016
Test18,User18,EID1017,testuser18,Pass@1017
Test19,User19,EID1018,testuser19,Pass@1018
Test20,User20,EID1019,testuser20,Pass@1019
Test21,User21,EID1020,testuser21,Pass@1020
Test22,User22,EID1021,testuser22,Pass@1021
Test23,User23,EID1022,testuser23,Pass@1022
Test24,User24,EID1023,testuser24,Pass@1023
Test25,User25,EID1024,testuser25,Pass@1024
Test26,User26,EID1025,testuser26,Pass@1025
Test27,User27,EID1026,testuser27,Pass@1026
Test28,User28,EID1027,testuser28,Pass@1027
Test29,User29,EID1028,testuser29,Pass@1028
Test30,User30,EID1029,testuser30,Pass@1029
Test31,User31,EID1030,testuser31,Pass@1030
Test32,User32,EID1031,testuser32,Pass@1031
Test33,User33,EID1032,testuser33,Pass@1032
Test34,User34,EID1033,testuser34,Pass@1033
Test35,User35,EID1034,testuser35,Pass@1034
Test36,User36,EID1035,testuser36,Pass@1035
Test37,User37,EID1036,testuser37,Pass@1036
Test38,User38,EID1037,testuser38,Pass@1037
Test39,User39,EID1038,testuser39,Pass@1038
Test40,User40,EID1039,testuser40,Pass@1039
Test41,User41,EID1040,testuser41,Pass@1040
Test42,User42,EID1041,testuser42,Pass@1041
Test43,User43,EID1042,testuser43,Pass@1042
Test44,User44,EID1043,testuser44,Pass@1043
Test45,User45,EID1044,testuser45,Pass@1044
Test46,User46,EID1045,testuser46,Pass@1045
Test47,User47,EID1046,testuser47,Pass@1046
Test48,User48,EID1047,testuser48,Pass@1047
Test49,User49,EID1048,testuser49,Pass@1048
Test50,User50,EID1049,testuser50,Pass@1049
Test51,User51,EID1050,testuser51,Pass@1050
Test52,User52,EID1051,testuser52,Pass@1051
Test53,User53,EID1052,testuser53,Pass@1052
Test54,User54,EID1053,testuser54,Pass@1053
Test55,User55,EID1054,testuser55,Pass@1054
Test56,User56,EID1055,testuser56,Pass@1055
Test57,User57,EID1056,testuser57,Pass@1056
Test58,User58,EID1057,testuser58,Pass@1057
Test59,User59,EID1058,testuser59,Pass@1058
Test60,User60,EID1059,testuser60,Pass@1059
